{"cameraMode":{"drawMode":0,"name":"Shaded","section":"Shading Mode"},"sceneLighting":false,"audioPlay":false,"sceneViewState":{"showFog":true,"showMaterialUpdate":false,"showSkybox":false,"showFlares":true,"showImageEffects":true,"showParticleSystems":true},"in2DMode":false,"pivot":{"x":-3.8289730548858644,"y":-1.967792272567749,"z":-3.479508399963379},"rotation":{"x":0.14884814620018006,"y":0.10804467648267746,"z":-0.016364669427275659,"w":0.9828087091445923},"size":1.0875165462493897,"orthographic":false}